osm_id,jurisd_base_id,jurisd_local_id,name,parent_abbrev,abbrev,wikidata_id,lexlabel,isolabel_ext,ddd,info
1918540,604,2102,Azángaro,PUN,,2088824,azangaro,PE-PUN-Azangaro,,"{""area_sr"": 0.43666, ""area_km2"": 5201, ""fat_deg_m"": 0.0000092, ""side_estim_km"": 72.1, ""side_estim_deg"": 0.6608, ""elongation_factor"": 2.25, ""shares_border_with"": [""PE-PUN-Carabaya"", ""PE-PUN-Huancane"", ""PE-PUN-Lampa"", ""PE-PUN-Melgar"", ""PE-PUN-SanAntonioPutina"", ""PE-PUN-SanRoman""]}"
1919867,604,2103,Carabaya,PUN,,1944216,carabaya,PE-PUN-Carabaya,,"{""area_sr"": 0.98112, ""area_km2"": 11737, ""fat_deg_m"": 0.0000091, ""side_estim_km"": 108.3, ""side_estim_deg"": 0.9905, ""elongation_factor"": 2.07, ""shares_border_with"": [""PE-CUS-Canchis"", ""PE-CUS-Quispicanchi"", ""PE-MDD-Manu"", ""PE-MDD-Tambopata"", ""PE-PUN-Azangaro"", ""PE-PUN-Melgar"", ""PE-PUN-SanAntonioPutina"", ""PE-PUN-Sandia""]}"
1907872,604,2104,Chucuito,PUN,,2088871,chucuito,PE-PUN-Chucuito,,"{""area_sr"": 0.33417, ""area_km2"": 3946, ""fat_deg_m"": 0.0000092, ""side_estim_km"": 62.8, ""side_estim_deg"": 0.5781, ""elongation_factor"": 2.33, ""shares_border_with"": [""BO-L-Catacora"", ""BO-L-Desaguadero"", ""BO-L-SanAndresMachaca"", ""BO-L-SantiagoMachaca"", ""PE-PUN-ElCollao"", ""PE-PUN-Yunguyo""]}"
1907873,604,2105,"El Collao",PUN,,2088833,el.collao,PE-PUN-ElCollao,,"{""area_sr"": 0.47877, ""area_km2"": 5650, ""fat_deg_m"": 0.0000092, ""side_estim_km"": 75.2, ""side_estim_deg"": 0.6919, ""elongation_factor"": 2.5, ""shares_border_with"": [""BO-L-Catacora"", ""PE-MOQ-MariscalNieto"", ""PE-PUN-Chucuito"", ""PE-PUN-Puno"", ""PE-TAC-Candarave"", ""PE-TAC-Tarata""]}"
1913488,604,2106,Huancané,PUN,,1944227,huancane,PE-PUN-Huancane,,"{""area_sr"": 0.24214, ""area_km2"": 2880, ""fat_deg_m"": 0.0000092, ""side_estim_km"": 53.7, ""side_estim_deg"": 0.4921, ""elongation_factor"": 3.93, ""shares_border_with"": [""BO-L-Charazani"", ""BO-L-Mocomoco"", ""BO-L-Pelechuco"", ""PE-PUN-Azangaro"", ""PE-PUN-Moho"", ""PE-PUN-Puno"", ""PE-PUN-SanAntonioPutina"", ""PE-PUN-SanRoman""]}"
1916262,604,2107,Lampa,PUN,,1944347,lampa,PE-PUN-Lampa,,"{""area_sr"": 0.48211, ""area_km2"": 5727, ""fat_deg_m"": 0.0000092, ""side_estim_km"": 75.7, ""side_estim_deg"": 0.6943, ""elongation_factor"": 2.19, ""shares_border_with"": [""PE-ARE-Caylloma"", ""PE-CUS-Espinar"", ""PE-PUN-Azangaro"", ""PE-PUN-Melgar"", ""PE-PUN-SanRoman""]}"
1918541,604,2108,Melgar,PUN,,1944356,melgar,PE-PUN-Melgar,,"{""area_sr"": 0.54876, ""area_km2"": 6542, ""fat_deg_m"": 0.0000092, ""side_estim_km"": 80.9, ""side_estim_deg"": 0.7408, ""elongation_factor"": 2.05, ""shares_border_with"": [""PE-CUS-Canas"", ""PE-CUS-Canchis"", ""PE-CUS-Espinar"", ""PE-PUN-Azangaro"", ""PE-PUN-Carabaya"", ""PE-PUN-Lampa""]}"
1913489,604,2109,Moho,PUN,,2089123,moho,PE-PUN-Moho,,"{""area_sr"": 0.08644, ""area_km2"": 1027, ""fat_deg_m"": 0.0000092, ""side_estim_km"": 32, ""side_estim_deg"": 0.294, ""elongation_factor"": 2.7, ""shares_border_with"": [""BO-L-Humanata"", ""BO-L-Mocomoco"", ""BO-L-PuertoAcosta"", ""PE-PUN-Huancane""]}"
1913490,604,2101,Puno,PUN,,2084681,puno,PE-PUN-Puno,,"{""area_sr"": 0.55179, ""area_km2"": 6533, ""fat_deg_m"": 0.0000092, ""side_estim_km"": 80.8, ""side_estim_deg"": 0.7428, ""elongation_factor"": 2.95, ""shares_border_with"": [""PE-MOQ-GeneralSanchezCerro"", ""PE-MOQ-MariscalNieto"", ""PE-PUN-ElCollao"", ""PE-PUN-Huancane"", ""PE-PUN-SanRoman""]}"
1918542,604,2110,"San Antonio de Putina",PUN,,1935565,san.antonio.putina,PE-PUN-SanAntonioPutina,,"{""area_sr"": 0.26298, ""area_km2"": 3134, ""fat_deg_m"": 0.0000092, ""side_estim_km"": 56, ""side_estim_deg"": 0.5128, ""elongation_factor"": 3.1, ""shares_border_with"": [""BO-L-Apolo"", ""BO-L-Pelechuco"", ""PE-PUN-Azangaro"", ""PE-PUN-Carabaya"", ""PE-PUN-Huancane"", ""PE-PUN-Sandia""]}"
1913491,604,2111,"San Román",PUN,,1944337,san.roman,PE-PUN-SanRoman,,"{""area_sr"": 0.19004, ""area_km2"": 2254, ""fat_deg_m"": 0.0000092, ""side_estim_km"": 47.5, ""side_estim_deg"": 0.4359, ""elongation_factor"": 3.23, ""shares_border_with"": [""PE-ARE-Arequipa"", ""PE-ARE-Caylloma"", ""PE-MOQ-GeneralSanchezCerro"", ""PE-PUN-Azangaro"", ""PE-PUN-Huancane"", ""PE-PUN-Lampa"", ""PE-PUN-Puno""]}"
1919868,604,2112,Sandia,PUN,,1948135,sandia,PE-PUN-Sandia,,"{""area_sr"": 1.05793, ""area_km2"": 12653, ""fat_deg_m"": 0.0000091, ""side_estim_km"": 112.5, ""side_estim_deg"": 1.0286, ""elongation_factor"": 2.21, ""shares_border_with"": [""BO-L-Apolo"", ""BO-L-Ixiamas"", ""PE-MDD-Tambopata"", ""PE-PUN-Carabaya"", ""PE-PUN-SanAntonioPutina""]}"
1907874,604,2113,Yunguyo,PUN,,2088882,yunguyo,PE-PUN-Yunguyo,,"{""area_sr"": 0.03555, ""area_km2"": 420, ""fat_deg_m"": 0.0000092, ""side_estim_km"": 20.5, ""side_estim_deg"": 0.1885, ""elongation_factor"": 3.69, ""shares_border_with"": [""PE-PUN-Chucuito""]}"